{
    "accuracy": 0.659375,
    "f1_score": 0.6442498546491976
}