{
    "accuracy": 0.640625,
    "f1_score": 0.623445921686238
}